
{
	"a" :
	{
		"mean" :
		{
			"dof" : 10,
			"mode" : [ 0.0, 0.0 ]
		},
		"precision" :
		{
			"dof" : 10,
			"mode" : [ 16.32653045654297, 0.0, 0.0, 16.32653045654297 ]
		},
		"prior-mean" : [ 0.0, 0.0 ],
		"prior-precision" : [ 16.32653045654297, 0.0, 0.0, 16.32653045654297 ]
	},
	"b" :
	{
		"mean" :
		{
			"dof" : 10,
			"mode" : [ 1.0, 0.0 ]
		},
		"precision" :
		{
			"dof" : 10,
			"mode" : [ 16.32653045654297, 0.0, 0.0, 16.32653045654297 ]
		},
		"prior-mean" : [ 1.0, 0.0 ],
		"prior-precision" : [ 16.32653045654297, 0.0, 0.0, 16.32653045654297 ]
	},
	"c" :
	{
		"mean" :
		{
			"dof" : 10,
			"mode" : [ 2.0, 0.0 ]
		},
		"precision" :
		{
			"dof" : 10,
			"mode" : [ 16.32653045654297, 0.0, 0.0, 16.32653045654297 ]
		},
		"prior-mean" : [ 2.0, 0.0 ],
		"prior-precision" : [ 16.32653045654297, 0.0, 0.0, 16.32653045654297 ]
	},
	"d" :
	{
		"mean" :
		{
			"dof" : 10,
			"mode" : [ 3.0, 0.0 ]
		},
		"precision" :
		{
			"dof" : 10,
			"mode" : [ 16.32653045654297, 0.0, 0.0, 16.32653045654297 ]
		},
		"prior-mean" : [ 3.0, 0.0 ],
		"prior-precision" : [ 16.32653045654297, 0.0, 0.0, 16.32653045654297 ]
	},
	"e" :
	{
		"mean" :
		{
			"dof" : 10,
			"mode" : [ 4.0, 0.0 ]
		},
		"precision" :
		{
			"dof" : 10,
			"mode" : [ 16.32653045654297, 0.0, 0.0, 16.32653045654297 ]
		},
		"prior-mean" : [ 4.0, 0.0 ],
		"prior-precision" : [ 16.32653045654297, 0.0, 0.0, 16.32653045654297 ]
	},
	"f" :
	{
		"mean" :
		{
			"dof" : 10,
			"mode" : [ 5.0, 0.0 ]
		},
		"precision" :
		{
			"dof" : 10,
			"mode" : [ 16.32653045654297, 0.0, 0.0, 16.32653045654297 ]
		},
		"prior-mean" : [ 5.0, 0.0 ],
		"prior-precision" : [ 16.32653045654297, 0.0, 0.0, 16.32653045654297 ]
	},
	"g" :
	{
		"mean" :
		{
			"dof" : 10,
			"mode" : [ 6.0, 0.0 ]
		},
		"precision" :
		{
			"dof" : 10,
			"mode" : [ 16.32653045654297, 0.0, 0.0, 16.32653045654297 ]
		},
		"prior-mean" : [ 6.0, 0.0 ],
		"prior-precision" : [ 16.32653045654297, 0.0, 0.0, 16.32653045654297 ]
	},
	"h" :
	{
		"mean" :
		{
			"dof" : 10,
			"mode" : [ 7.0, 0.0 ]
		},
		"precision" :
		{
			"dof" : 10,
			"mode" : [ 16.32653045654297, 0.0, 0.0, 16.32653045654297 ]
		},
		"prior-mean" : [ 7.0, 0.0 ],
		"prior-precision" : [ 16.32653045654297, 0.0, 0.0, 16.32653045654297 ]
	},
	"i" :
	{
		"mean" :
		{
			"dof" : 10,
			"mode" : [ 8.0, 0.0 ]
		},
		"precision" :
		{
			"dof" : 10,
			"mode" : [ 16.32653045654297, 0.0, 0.0, 16.32653045654297 ]
		},
		"prior-mean" : [ 8.0, 0.0 ],
		"prior-precision" : [ 16.32653045654297, 0.0, 0.0, 16.32653045654297 ]
	},
	"j" :
	{
		"mean" :
		{
			"dof" : 10,
			"mode" : [ 9.0, 0.0 ]
		},
		"precision" :
		{
			"dof" : 10,
			"mode" : [ 16.32653045654297, 0.0, 0.0, 16.32653045654297 ]
		},
		"prior-mean" : [ 9.0, 0.0 ],
		"prior-precision" : [ 16.32653045654297, 0.0, 0.0, 16.32653045654297 ]
	},
	"k" :
	{
		"mean" :
		{
			"dof" : 10,
			"mode" : [ 10.0, 0.0 ]
		},
		"precision" :
		{
			"dof" : 10,
			"mode" : [ 16.32653045654297, 0.0, 0.0, 16.32653045654297 ]
		},
		"prior-mean" : [ 10.0, 0.0 ],
		"prior-precision" : [ 16.32653045654297, 0.0, 0.0, 16.32653045654297 ]
	},
	"l" :
	{
		"mean" :
		{
			"dof" : 10,
			"mode" : [ 11.0, 0.0 ]
		},
		"precision" :
		{
			"dof" : 10,
			"mode" : [ 16.32653045654297, 0.0, 0.0, 16.32653045654297 ]
		},
		"prior-mean" : [ 11.0, 0.0 ],
		"prior-precision" : [ 16.32653045654297, 0.0, 0.0, 16.32653045654297 ]
	},
	"m" :
	{
		"mean" :
		{
			"dof" : 10,
			"mode" : [ 12.0, 0.0 ]
		},
		"precision" :
		{
			"dof" : 10,
			"mode" : [ 16.32653045654297, 0.0, 0.0, 16.32653045654297 ]
		},
		"prior-mean" : [ 12.0, 0.0 ],
		"prior-precision" : [ 16.32653045654297, 0.0, 0.0, 16.32653045654297 ]
	},
	"n" :
	{
		"mean" :
		{
			"dof" : 10,
			"mode" : [ 13.0, 0.0 ]
		},
		"precision" :
		{
			"dof" : 10,
			"mode" : [ 16.32653045654297, 0.0, 0.0, 16.32653045654297 ]
		},
		"prior-mean" : [ 13.0, 0.0 ],
		"prior-precision" : [ 16.32653045654297, 0.0, 0.0, 16.32653045654297 ]
	},
	"o" :
	{
		"mean" :
		{
			"dof" : 10,
			"mode" : [ 14.0, 0.0 ]
		},
		"precision" :
		{
			"dof" : 10,
			"mode" : [ 16.32653045654297, 0.0, 0.0, 16.32653045654297 ]
		},
		"prior-mean" : [ 14.0, 0.0 ],
		"prior-precision" : [ 16.32653045654297, 0.0, 0.0, 16.32653045654297 ]
	},
	"p" :
	{
		"mean" :
		{
			"dof" : 10,
			"mode" : [ 15.0, 0.0 ]
		},
		"precision" :
		{
			"dof" : 10,
			"mode" : [ 16.32653045654297, 0.0, 0.0, 16.32653045654297 ]
		},
		"prior-mean" : [ 15.0, 0.0 ],
		"prior-precision" : [ 16.32653045654297, 0.0, 0.0, 16.32653045654297 ]
	},
	"q" :
	{
		"mean" :
		{
			"dof" : 10,
			"mode" : [ 16.0, 0.0 ]
		},
		"precision" :
		{
			"dof" : 10,
			"mode" : [ 16.32653045654297, 0.0, 0.0, 16.32653045654297 ]
		},
		"prior-mean" : [ 16.0, 0.0 ],
		"prior-precision" : [ 16.32653045654297, 0.0, 0.0, 16.32653045654297 ]
	},
	"r" :
	{
		"mean" :
		{
			"dof" : 10,
			"mode" : [ 17.0, 0.0 ]
		},
		"precision" :
		{
			"dof" : 10,
			"mode" : [ 16.32653045654297, 0.0, 0.0, 16.32653045654297 ]
		},
		"prior-mean" : [ 17.0, 0.0 ],
		"prior-precision" : [ 16.32653045654297, 0.0, 0.0, 16.32653045654297 ]
	},
	"s" :
	{
		"mean" :
		{
			"dof" : 10,
			"mode" : [ 18.0, 0.0 ]
		},
		"precision" :
		{
			"dof" : 10,
			"mode" : [ 16.32653045654297, 0.0, 0.0, 16.32653045654297 ]
		},
		"prior-mean" : [ 18.0, 0.0 ],
		"prior-precision" : [ 16.32653045654297, 0.0, 0.0, 16.32653045654297 ]
	},
	"t" :
	{
		"mean" :
		{
			"dof" : 10,
			"mode" : [ 19.0, 0.0 ]
		},
		"precision" :
		{
			"dof" : 10,
			"mode" : [ 16.32653045654297, 0.0, 0.0, 16.32653045654297 ]
		},
		"prior-mean" : [ 19.0, 0.0 ],
		"prior-precision" : [ 16.32653045654297, 0.0, 0.0, 16.32653045654297 ]
	},
	"u" :
	{
		"mean" :
		{
			"dof" : 10,
			"mode" : [ 20.0, 0.0 ]
		},
		"precision" :
		{
			"dof" : 10,
			"mode" : [ 16.32653045654297, 0.0, 0.0, 16.32653045654297 ]
		},
		"prior-mean" : [ 20.0, 0.0 ],
		"prior-precision" : [ 16.32653045654297, 0.0, 0.0, 16.32653045654297 ]
	},
	"v" :
	{
		"mean" :
		{
			"dof" : 10,
			"mode" : [ 21.0, 0.0 ]
		},
		"precision" :
		{
			"dof" : 10,
			"mode" : [ 16.32653045654297, 0.0, 0.0, 16.32653045654297 ]
		},
		"prior-mean" : [ 21.0, 0.0 ],
		"prior-precision" : [ 16.32653045654297, 0.0, 0.0, 16.32653045654297 ]
	},
	"w" :
	{
		"mean" :
		{
			"dof" : 10,
			"mode" : [ 22.0, 0.0 ]
		},
		"precision" :
		{
			"dof" : 10,
			"mode" : [ 16.32653045654297, 0.0, 0.0, 16.32653045654297 ]
		},
		"prior-mean" : [ 22.0, 0.0 ],
		"prior-precision" : [ 16.32653045654297, 0.0, 0.0, 16.32653045654297 ]
	},
	"x" :
	{
		"mean" :
		{
			"dof" : 10,
			"mode" : [ 23.0, 0.0 ]
		},
		"precision" :
		{
			"dof" : 10,
			"mode" : [ 16.32653045654297, 0.0, 0.0, 16.32653045654297 ]
		},
		"prior-mean" : [ 23.0, 0.0 ],
		"prior-precision" : [ 16.32653045654297, 0.0, 0.0, 16.32653045654297 ]
	},
	"y" :
	{
		"mean" :
		{
			"dof" : 10,
			"mode" : [ 24.0, 0.0 ]
		},
		"precision" :
		{
			"dof" : 10,
			"mode" : [ 16.32653045654297, 0.0, 0.0, 16.32653045654297 ]
		},
		"prior-mean" : [ 24.0, 0.0 ],
		"prior-precision" : [ 16.32653045654297, 0.0, 0.0, 16.32653045654297 ]
	},
	"z" :
	{
		"mean" :
		{
			"dof" : 10,
			"mode" : [ 25.0, 0.0 ]
		},
		"precision" :
		{
			"dof" : 10,
			"mode" : [ 16.32653045654297, 0.0, 0.0, 16.32653045654297 ]
		},
		"prior-mean" : [ 25.0, 0.0 ],
		"prior-precision" : [ 16.32653045654297, 0.0, 0.0, 16.32653045654297 ]
	}
}
